Workbook

Sheet Dashboard
B2: CUSTOMER CHURN EXECUTIVE DASHBOARD
B4: TOTAL CUSTOMERS | C4: ACTIVE CUSTOMERS | D4: CHURNED CUSTOMERS | E4: CHURN RATE | F4: AVG MONTHLY BILL
B5: =COUNTA('Churn Data'!A2:A7044) | C5: =COUNTIF('Churn Data'!U2:U7044, "No") | D5: =COUNTIF('Churn Data'!U2:U7044, "Yes") | E5: =D5/B5 | F5: =AVERAGE('Churn Data'!S2:S7044)
B7: Churn by Contract Type
B8: Contract Type | C8: Customers | D8: Churned | E8: Churn Rate
B9: Month-to-month | C9: =COUNTIF('Churn Data'!P:P, B9) | D9: =COUNTIFS('Churn Data'!P:P, B9, 'Churn Data'!U:U, "Yes") | E9: =D9/C9
B10: One year | C10: =COUNTIF('Churn Data'!P:P, B10) | D10: =COUNTIFS('Churn Data'!P:P, B10, 'Churn Data'!U:U, "Yes") | E10: =D10/C10
B11: Two year | C11: =COUNTIF('Churn Data'!P:P, B11) | D11: =COUNTIFS('Churn Data'!P:P, B11, 'Churn Data'!U:U, "Yes") | E11: =D11/C11
B12: Total | C12: =SUM(C9:C11) | D12: =SUM(D9:D11) | E12: =D12/C12
B14: Churn by Internet Service Type
B15: Contract Type | C15: Customers | D15: Churned | E15: Churn Rate
B16: Fiber optic | C16: =COUNTIF('Churn Data'!I:I, B16) | D16: =COUNTIFS('Churn Data'!I:I, B16, 'Churn Data'!U:U, "Yes") | E16: =D16/C16
B17: DSL | C17: =COUNTIF('Churn Data'!I:I, B17) | D17: =COUNTIFS('Churn Data'!I:I, B17, 'Churn Data'!U:U, "Yes") | E17: =D17/C17
B18: No | C18: =COUNTIF('Churn Data'!I:I, B18) | D18: =COUNTIFS('Churn Data'!I:I, B18, 'Churn Data'!U:U, "Yes") | E18: =D18/C18
B19: Total | C19: =SUM(C16:C18) | D19: =SUM(D16:D18) | E19: =D19/C19

Sheet Churn Data
A1: customerID | B1: gender | C1: SeniorCitizen | D1: Partner | E1: Dependents | F1: tenure | G1: PhoneService | H1: MultipleLines | I1: InternetService | J1: OnlineSecurity | K1: OnlineBackup | L1: DeviceProtection | M1: TechSupport | N1: StreamingTV | O1: StreamingMovies | P1: Contract | Q1: PaperlessBilling | R1: PaymentMethod | S1: MonthlyCharges | T1: TotalCharges | U1: Churn | V1: ChurnNumeric | W1: PartnerNumeric | X1: DependentsNumeric | Y1: PhoneServiceNumeric | Z1: PaperlessBillingNumeric | AA1: TenureGroup | AB1: SeniorCitizenLabel | AC1: TotalInternetServices | AD1: HasInternetService
A2: 7590-VHVEG | B2: Female | C2: 0 | D2: Yes | E2: No | F2: 1 | G2: No | H2: No phone service | I2: DSL | J2: No | K2: Yes | L2: No | M2: No | N2: No | O2: No | P2: Month-to-month | Q2: Yes | R2: Electronic check | S2: 29.85 | T2: 29.85 | U2: No | V2: 0 | W2: 1 | X2: 0 | Y2: 0 | Z2: 1 | AA2: 0-12 Month | AB2: Non-Senior | AC2: 1 | AD2: 1
A3: 5575-GNVDE | B3: Male | C3: 0 | D3: No | E3: No | F3: 34 | G3: Yes | H3: No | I3: DSL | J3: Yes | K3: No | L3: Yes | M3: No | N3: No | O3: No | P3: One year | Q3: No | R3: Mailed check | S3: 56.95 | T3: 1889.5 | U3: No | V3: 0 | W3: 0 | X3: 0 | Y3: 1 | Z3: 0 | AA3: 24-48 Month | AB3: Non-Senior | AC3: 2 | AD3: 1
A4: 3668-QPYBK | B4: Male | C4: 0 | D4: No | E4: No | F4: 2 | G4: Yes | H4: No | I4: DSL | J4: Yes | K4: Yes | L4: No | M4: No | N4: No | O4: No | P4: Month-to-month | Q4: Yes | R4: Mailed check | S4: 53.85 | T4: 108.15 | U4: Yes | V4: 1 | W4: 0 | X4: 0 | Y4: 1 | Z4: 1 | AA4: 0-12 Month | AB4: Non-Senior | AC4: 2 | AD4: 1
A5: 7795-CFOCW | B5: Male | C5: 0 | D5: No | E5: No | F5: 45 | G5: No | H5: No phone service | I5: DSL | J5: Yes | K5: No | L5: Yes | M5: Yes | N5: No | O5: No | P5: One year | Q5: No | R5: Bank transfer (automatic) | S5: 42.3 | T5: 1840.75 | U5: No | V5: 0 | W5: 0 | X5: 0 | Y5: 0 | Z5: 0 | AA5: 24-48 Month | AB5: Non-Senior | AC5: 3 | AD5: 1
A6: 9237-HQITU | B6: Female | C6: 0 | D6: No | E6: No | F6: 2 | G6: Yes | H6: No | I6: Fiber optic | J6: No | K6: No | L6: No | M6: No | N6: No | O6: No | P6: Month-to-month | Q6: Yes | R6: Electronic check | S6: 70.7 | T6: 151.65 | U6: Yes | V6: 1 | W6: 0 | X6: 0 | Y6: 1 | Z6: 1 | AA6: 0-12 Month | AB6: Non-Senior | AC6: 0 | AD6: 1
A7: 9305-CDSKC | B7: Female | C7: 0 | D7: No | E7: No | F7: 8 | G7: Yes | H7: Yes | I7: Fiber optic | J7: No | K7: No | L7: Yes | M7: No | N7: Yes | O7: Yes | P7: Month-to-month | Q7: Yes | R7: Electronic check | S7: 99.65 | T7: 820.5 | U7: Yes | V7: 1 | W7: 0 | X7: 0 | Y7: 1 | Z7: 1 | AA7: 0-12 Month | AB7: Non-Senior | AC7: 3 | AD7: 1
A8: 1452-KIOVK | B8: Male | C8: 0 | D8: No | E8: Yes | F8: 22 | G8: Yes | H8: Yes | I8: Fiber optic | J8: No | K8: Yes | L8: No | M8: No | N8: Yes | O8: No | P8: Month-to-month | Q8: Yes | R8: Credit card (automatic) | S8: 89.1 | T8: 1949.4 | U8: No | V8: 0 | W8: 0 | X8: 1 | Y8: 1 | Z8: 1 | AA8: 12-24 Month | AB8: Non-Senior | AC8: 2 | AD8: 1
A9: 6713-OKOMC | B9: Female | C9: 0 | D9: No | E9: No | F9: 10 | G9: No | H9: No phone service | I9: DSL | J9: Yes | K9: No | L9: No | M9: No | N9: No | O9: No | P9: Month-to-month | Q9: No | R9: Mailed check | S9: 29.75 | T9: 301.9 | U9: No | V9: 0 | W9: 0 | X9: 0 | Y9: 0 | Z9: 0 | AA9: 0-12 Month | AB9: Non-Senior | AC9: 1 | AD9: 1
A10: 7892-POOKP | B10: Female | C10: 0 | D10: Yes | E10: No | F10: 28 | G10: Yes | H10: Yes | I10: Fiber optic | J10: No | K10: No | L10: Yes | M10: Yes | N10: Yes | O10: Yes | P10: Month-to-month | Q10: Yes | R10: Electronic check | S10: 104.8 | T10: 3046.05 | U10: Yes | V10: 1 | W10: 1 | X10: 0 | Y10: 1 | Z10: 1 | AA10: 24-48 Month | AB10: Non-Senior | AC10: 4 | AD10: 1
A11: 6388-TABGU | B11: Male | C11: 0 | D11: No | E11: Yes | F11: 62 | G11: Yes | H11: No | I11: DSL | J11: Yes | K11: Yes | L11: No | M11: No | N11: No | O11: No | P11: One year | Q11: No | R11: Bank transfer (automatic) | S11: 56.15 | T11: 3487.95 | U11: No | V11: 0 | W11: 0 | X11: 1 | Y11: 1 | Z11: 0 | AA11: 60+ Month | AB11: Non-Senior | AC11: 2 | AD11: 1
A12: 9763-GRSKD | B12: Male | C12: 0 | D12: Yes | E12: Yes | F12: 13 | G12: Yes | H12: No | I12: DSL | J12: Yes | K12: No | L12: No | M12: No | N12: No | O12: No | P12: Month-to-month | Q12: Yes | R12: Mailed check | S12: 49.95 | T12: 587.45 | U12: No | V12: 0 | W12: 1 | X12: 1 | Y12: 1 | Z12: 1 | AA12: 12-24 Month | AB12: Non-Senior | AC12: 1 | AD12: 1
A13: 7469-LKBCI | B13: Male | C13: 0 | D13: No | E13: No | F13: 16 | G13: Yes | H13: No | I13: No | J13: No internet service | K13: No internet service | L13: No internet service | M13: No internet service | N13: No internet service | O13: No internet service | P13: Two year | Q13: No | R13: Credit card (automatic) | S13: 18.95 | T13: 326.8 | U13: No | V13: 0 | W13: 0 | X13: 0 | Y13: 1 | Z13: 0 | AA13: 12-24 Month | AB13: Non-Senior | AC13: 0 | AD13: 0
... A7044: 3186-AJIEK | B7044: Male | C7044: 0 | D7044: No | E7044: No | F7044: 66 | G7044: Yes | H7044: No | I7044: Fiber optic | J7044: Yes | K7044: No | L7044: Yes | M7044: Yes | N7044: Yes | O7044: Yes | P7044: Two year | Q7044: Yes | R7044: Bank transfer (automatic) | S7044: 105.65 | T7044: 6844.5 | U7044: No | V7044: 0 | W7044: 0 | X7044: 0 | Y7044: 1 | Z7044: 1 | AA7044: 60+ Month | AB7044: Non-Senior | AC7044: 5 | AD7044: 1
